churn_status,user_count,percentage
Churned,89652,90.15597188282499
At Risk,9780,9.834977524361179
Active,9,0.009050592813829306
